{
	"textures": {
		"0": "animated_java:item/crafter_soul/crafter_soul_tex"
	},
	"elements": [
		{
			"from": [
				6,
				6,
				8
			],
			"to": [
				10,
				10,
				8.1
			],
			"rotation": {
				"angle": 0,
				"axis": "y",
				"origin": [
					8,
					9,
					-1
				]
			},
			"faces": {
				"north": {
					"uv": [
						7,
						2.5,
						8,
						3.5
					],
					"texture": "#0"
				},
				"east": {
					"uv": [
						6,
						8,
						6.5,
						9
					],
					"texture": "#0"
				},
				"south": {
					"uv": [
						3.5,
						7,
						4.5,
						8
					],
					"texture": "#0"
				},
				"west": {
					"uv": [
						6.5,
						8,
						7,
						9
					],
					"texture": "#0"
				},
				"up": {
					"uv": [
						9,
						6.5,
						8,
						6
					],
					"texture": "#0"
				},
				"down": {
					"uv": [
						8,
						8,
						7,
						8.5
					],
					"texture": "#0"
				}
			}
		}
	],
	"display": {
		"head": {
			"rotation": [
				0,
				180,
				0
			]
		}
	}
}