{
	"textures": {
		"0": "animated_java:item/crafter_soul/crafter_soul_tex"
	},
	"elements": [
		{
			"from": [
				8,
				4.3,
				5.7
			],
			"to": [
				16,
				12.3,
				13.7
			],
			"rotation": {
				"angle": 45,
				"axis": "z",
				"origin": [
					8,
					4,
					8
				]
			},
			"faces": {
				"north": {
					"uv": [
						0,
						0,
						1.5,
						1.5
					],
					"texture": "#0"
				},
				"east": {
					"uv": [
						0,
						1.5,
						1.5,
						3
					],
					"texture": "#0"
				},
				"south": {
					"uv": [
						1.5,
						0,
						3,
						1.5
					],
					"texture": "#0"
				},
				"west": {
					"uv": [
						1.5,
						1.5,
						3,
						3
					],
					"texture": "#0"
				},
				"up": {
					"uv": [
						1.5,
						4.5,
						0,
						3
					],
					"texture": "#0"
				},
				"down": {
					"uv": [
						4.5,
						0,
						3,
						1.5
					],
					"texture": "#0"
				}
			}
		},
		{
			"from": [
				3.5999999999999996,
				5.8,
				5.6
			],
			"to": [
				11.6,
				13.8,
				13.6
			],
			"rotation": {
				"angle": 0,
				"axis": "y",
				"origin": [
					8,
					4,
					8
				]
			},
			"faces": {
				"north": {
					"uv": [
						1.5,
						3,
						3,
						4.5
					],
					"texture": "#0"
				},
				"east": {
					"uv": [
						3,
						1.5,
						4.5,
						3
					],
					"texture": "#0"
				},
				"south": {
					"uv": [
						3,
						3,
						4.5,
						4.5
					],
					"texture": "#0"
				},
				"west": {
					"uv": [
						0,
						4.5,
						1.5,
						6
					],
					"texture": "#0"
				},
				"up": {
					"uv": [
						6,
						1.5,
						4.5,
						0
					],
					"texture": "#0"
				},
				"down": {
					"uv": [
						3,
						4.5,
						1.5,
						6
					],
					"texture": "#0"
				}
			}
		},
		{
			"from": [
				8.67157,
				5.7,
				3.82843
			],
			"to": [
				16.67157,
				13.7,
				11.82843
			],
			"rotation": {
				"angle": -45,
				"axis": "y",
				"origin": [
					8,
					8,
					3
				]
			},
			"faces": {
				"north": {
					"uv": [
						4.5,
						1.5,
						6,
						3
					],
					"texture": "#0"
				},
				"east": {
					"uv": [
						3,
						4.5,
						4.5,
						6
					],
					"texture": "#0"
				},
				"south": {
					"uv": [
						4.5,
						3,
						6,
						4.5
					],
					"texture": "#0"
				},
				"west": {
					"uv": [
						4.5,
						4.5,
						6,
						6
					],
					"texture": "#0"
				},
				"up": {
					"uv": [
						1.5,
						7.5,
						0,
						6
					],
					"texture": "#0"
				},
				"down": {
					"uv": [
						7.5,
						0,
						6,
						1.5
					],
					"texture": "#0"
				}
			}
		}
	],
	"display": {
		"head": {
			"rotation": [
				0,
				180,
				0
			]
		}
	}
}