{
	"textures": {
		"0": "animated_java:item/commander/commander_tex"
	},
	"elements": [
		{
			"from": [
				5.9,
				-4,
				6
			],
			"to": [
				9.9,
				8,
				10
			],
			"faces": {
				"north": {
					"uv": [
						2,
						12,
						1,
						15
					],
					"texture": "#0"
				},
				"east": {
					"uv": [
						3,
						12,
						2,
						15
					],
					"texture": "#0"
				},
				"south": {
					"uv": [
						4,
						12,
						3,
						15
					],
					"texture": "#0"
				},
				"west": {
					"uv": [
						1,
						12,
						0,
						15
					],
					"texture": "#0"
				},
				"up": {
					"uv": [
						1,
						12,
						2,
						11
					],
					"texture": "#0"
				},
				"down": {
					"uv": [
						2,
						11,
						3,
						12
					],
					"texture": "#0"
				}
			}
		}
	],
	"display": {
		"head": {
			"rotation": [
				0,
				180,
				0
			]
		}
	}
}