{
	"textures": {
		"0": "animated_java:item/commander/commander_tex"
	},
	"elements": [
		{
			"from": [
				4,
				-4,
				6
			],
			"to": [
				8,
				8,
				10
			],
			"faces": {
				"north": {
					"uv": [
						2,
						8,
						1,
						11
					],
					"texture": "#0"
				},
				"east": {
					"uv": [
						3,
						8,
						2,
						11
					],
					"texture": "#0"
				},
				"south": {
					"uv": [
						4,
						8,
						3,
						11
					],
					"texture": "#0"
				},
				"west": {
					"uv": [
						1,
						8,
						0,
						11
					],
					"texture": "#0"
				},
				"up": {
					"uv": [
						1,
						8,
						2,
						7
					],
					"texture": "#0"
				},
				"down": {
					"uv": [
						2,
						7,
						3,
						8
					],
					"texture": "#0"
				}
			}
		}
	],
	"display": {
		"head": {
			"rotation": [
				0,
				180,
				0
			]
		}
	}
}