{
	"textures": {
		"0": "animated_java:item/commander/commander_tex"
	},
	"elements": [
		{
			"from": [
				6.1,
				-4,
				6
			],
			"to": [
				10.1,
				8,
				10
			],
			"faces": {
				"north": {
					"uv": [
						5,
						12,
						6,
						15
					],
					"texture": "#0"
				},
				"east": {
					"uv": [
						4,
						12,
						5,
						15
					],
					"texture": "#0"
				},
				"south": {
					"uv": [
						7,
						12,
						8,
						15
					],
					"texture": "#0"
				},
				"west": {
					"uv": [
						6,
						12,
						7,
						15
					],
					"texture": "#0"
				},
				"up": {
					"uv": [
						6,
						12,
						5,
						11
					],
					"texture": "#0"
				},
				"down": {
					"uv": [
						7,
						11,
						6,
						12
					],
					"texture": "#0"
				}
			}
		}
	],
	"display": {
		"head": {
			"rotation": [
				0,
				180,
				0
			]
		}
	}
}