{
	"textures": {
		"0": "animated_java:item/ender_boss/ender_tex"
	},
	"elements": [
		{
			"from": [
				5,
				-2,
				6
			],
			"to": [
				9,
				10,
				10
			],
			"rotation": {
				"angle": 0,
				"axis": "z",
				"origin": [
					9,
					10,
					8
				]
			},
			"faces": {
				"north": {
					"uv": [
						12,
						5,
						11,
						8
					],
					"texture": "#0"
				},
				"east": {
					"uv": [
						13,
						5,
						12,
						8
					],
					"texture": "#0"
				},
				"south": {
					"uv": [
						14,
						5,
						13,
						8
					],
					"texture": "#0"
				},
				"west": {
					"uv": [
						11,
						5,
						10,
						8
					],
					"texture": "#0"
				},
				"up": {
					"uv": [
						11,
						5,
						12,
						4
					],
					"texture": "#0"
				},
				"down": {
					"uv": [
						12,
						4,
						13,
						5
					],
					"texture": "#0"
				}
			}
		}
	],
	"display": {
		"head": {
			"rotation": [
				0,
				180,
				0
			]
		}
	}
}