{
    "parent": "minecraft:item/handheld_rod",
    "textures":  {
        "layer0": "minecraft:item/apple"
    },

    "overrides": [
        {"predicate": {"custom_model_data":1}, "model":"minecraft:item/job_ico/knight"},
        {"predicate": {"custom_model_data":2}, "model":"minecraft:item/job_ico/archer"},
        {"predicate": {"custom_model_data":3}, "model":"minecraft:item/job_ico/ninja"},
        {"predicate": {"custom_model_data":4}, "model":"minecraft:item/job_ico/magician"},
        {"predicate": {"custom_model_data":5}, "model":"minecraft:item/job_ico/hunter"},
        {"predicate": {"custom_model_data":6}, "model":"minecraft:item/job_ico/phoenix"},
        {"predicate": {"custom_model_data":7}, "model":"minecraft:item/job_ico/master"},
        {"predicate": {"custom_model_data":8}, "model":"minecraft:item/job_ico/spirit"},
        {"predicate": {"custom_model_data":9}, "model":"minecraft:item/job_ico/vampire"},
        {"predicate": {"custom_model_data":10}, "model":"minecraft:item/job_ico/summoner"}
    ]
}