{
    "parent": "minecraft:item/handheld_rod",
    "textures":  {
        "layer0": "minecraft:item/carrot_on_a_stick"
    },

    "overrides": [
        {"predicate": {"custom_model_data":1}, "model":"minecraft:item/knight/spin_attack"},
        {"predicate": {"custom_model_data":2}, "model":"minecraft:item/knight/boosting"},
        {"predicate": {"custom_model_data":3}, "model":"minecraft:item/knight/regeneration"},
        {"predicate": {"custom_model_data":4}, "model":"minecraft:item/knight/press"},
        {"predicate": {"custom_model_data":5}, "model":"minecraft:item/knight/fortress"},
        {"predicate": {"custom_model_data":6}, "model":"minecraft:item/knight/dynamic_blade"},
        {"predicate": {"custom_model_data":7}, "model":"minecraft:item/archer/magic_arrow"},
        {"predicate": {"custom_model_data":8}, "model":"minecraft:item/archer/arrow_beam"},
        {"predicate": {"custom_model_data":9}, "model":"minecraft:item/archer/teleport"},
        {"predicate": {"custom_model_data":10}, "model":"minecraft:item/archer/arrow_charge"},
        {"predicate": {"custom_model_data":11}, "model":"minecraft:item/archer/arrow_master"},
        {"predicate": {"custom_model_data":12}, "model":"minecraft:item/archer/auto_shot"},
        {"predicate": {"custom_model_data":13}, "model":"minecraft:item/ninja/shuriken"},
        {"predicate": {"custom_model_data":14}, "model":"minecraft:item/ninja/flash_blade"},
        {"predicate": {"custom_model_data":15}, "model":"minecraft:item/ninja/smoke"},
        {"predicate": {"custom_model_data":16}, "model":"minecraft:item/ninja/ninja_step"},
        {"predicate": {"custom_model_data":17}, "model":"minecraft:item/ninja/ninja_blade"},
        {"predicate": {"custom_model_data":18}, "model":"minecraft:item/ninja/windwill"},
        {"predicate": {"custom_model_data":19}, "model":"minecraft:item/magician/fire"},
        {"predicate": {"custom_model_data":20}, "model":"minecraft:item/magician/ice"},
        {"predicate": {"custom_model_data":21}, "model":"minecraft:item/magician/thunder"},
        {"predicate": {"custom_model_data":22}, "model":"minecraft:item/magician/water"},
        {"predicate": {"custom_model_data":23}, "model":"minecraft:item/magician/ult_beam"},
        {"predicate": {"custom_model_data":24}, "model":"minecraft:item/magician/healarea"},
        {"predicate": {"custom_model_data":25}, "model":"minecraft:item/hunter/poison"},
        {"predicate": {"custom_model_data":26}, "model":"minecraft:item/hunter/decoy"},
        {"predicate": {"custom_model_data":27}, "model":"minecraft:item/hunter/bomb"},
        {"predicate": {"custom_model_data":28}, "model":"minecraft:item/hunter/healdrink"},
        {"predicate": {"custom_model_data":29}, "model":"minecraft:item/hunter/hunter_bow"},
        {"predicate": {"custom_model_data":30}, "model":"minecraft:item/hunter/hunter_axe"},
        {"predicate": {"custom_model_data":31}, "model":"minecraft:item/phoenix/ignite"},
        {"predicate": {"custom_model_data":32}, "model":"minecraft:item/phoenix/firewall"},
        {"predicate": {"custom_model_data":33}, "model":"minecraft:item/phoenix/burning"},
        {"predicate": {"custom_model_data":34}, "model":"minecraft:item/phoenix/flamebomb"},
        {"predicate": {"custom_model_data":35}, "model":"minecraft:item/phoenix/resurrection"},
        {"predicate": {"custom_model_data":36}, "model":"minecraft:item/phoenix/ragingfire"},
        {"predicate": {"custom_model_data":37}, "model":"minecraft:item/master/surge"},
        {"predicate": {"custom_model_data":38}, "model":"minecraft:item/master/updraft"},
        {"predicate": {"custom_model_data":39}, "model":"minecraft:item/master/brawling"},
        {"predicate": {"custom_model_data":40}, "model":"minecraft:item/master/sword_beam"},
        {"predicate": {"custom_model_data":41}, "model":"minecraft:item/master/timestop"},
        {"predicate": {"custom_model_data":42}, "model":"minecraft:item/master/mark_of_death"},
        {"predicate": {"custom_model_data":43}, "model":"minecraft:item/spirit/mark_of_curce"},
        {"predicate": {"custom_model_data":44}, "model":"minecraft:item/spirit/curse_flame"},
        {"predicate": {"custom_model_data":45}, "model":"minecraft:item/spirit/decay"},
        {"predicate": {"custom_model_data":46}, "model":"minecraft:item/spirit/grudge"},
        {"predicate": {"custom_model_data":47}, "model":"minecraft:item/spirit/curse_killer"},
        {"predicate": {"custom_model_data":48}, "model":"minecraft:item/spirit/curspike"},
        {"predicate": {"custom_model_data":49}, "model":"minecraft:item/vampire/counter"},
        {"predicate": {"custom_model_data":50}, "model":"minecraft:item/vampire/eots"},
        {"predicate": {"custom_model_data":51}, "model":"minecraft:item/vampire/barrier"},
        {"predicate": {"custom_model_data":52}, "model":"minecraft:item/vampire/fob"},
        {"predicate": {"custom_model_data":53}, "model":"minecraft:item/vampire/bloody_rain"},
        {"predicate": {"custom_model_data":54}, "model":"minecraft:item/vampire/scarlet_spear"},
        {"predicate": {"custom_model_data":55}, "model":"minecraft:item/summoner/wolf"},
        {"predicate": {"custom_model_data":56}, "model":"minecraft:item/summoner/golem"},
        {"predicate": {"custom_model_data":57}, "model":"minecraft:item/summoner/shulker"},
        {"predicate": {"custom_model_data":58}, "model":"minecraft:item/summoner/sheep"},
        {"predicate": {"custom_model_data":59}, "model":"minecraft:item/summoner/pet_boom"},
        {"predicate": {"custom_model_data":60}, "model":"minecraft:item/summoner/angel_tower"}
    ]
}