{
	"parent": "item/generated",
	"textures": {
		"layer0": "minecraft:item/white_dye"
	},
	"overrides": [
		{
			"predicate": {
				"custom_model_data": 1
			},
			"model": "item/animated_java_empty"
		},
		{
			"predicate": {
				"custom_model_data": 2
			},
			"model": "animated_java:item/crafter_soul/soul"
		},
		{
			"predicate": {
				"custom_model_data": 3
			},
			"model": "animated_java:item/crafter_soul/bone"
		},
		{
			"predicate": {
				"custom_model_data": 4
			},
			"model": "animated_java:item/crafter_soul/bone2"
		},
		{
			"predicate": {
				"custom_model_data": 5
			},
			"model": "animated_java:item/crafter_soul/bone3"
		},
		{
			"predicate": {
				"custom_model_data": 6
			},
			"model": "animated_java:item/crafter_soul/bone4"
		},
		{
			"predicate": {
				"custom_model_data": 7
			},
			"model": "animated_java:item/crafter_soul/bone5"
		},
		{
			"predicate": {
				"custom_model_data": 8
			},
			"model": "animated_java:item/crafter_soul/bone6"
		},
		{
			"predicate": {
				"custom_model_data": 9
			},
			"model": "animated_java:item/crafter_soul/bone7"
		},
		{
			"predicate": {
				"custom_model_data": 10
			},
			"model": "animated_java:item/crafter_soul/bone8"
		},
		{
			"predicate": {
				"custom_model_data": 11
			},
			"model": "animated_java:item/crafter_soul/bone9"
		},
		{
			"predicate": {
				"custom_model_data": 12
			},
			"model": "animated_java:item/commander/head"
		},
		{
			"predicate": {
				"custom_model_data": 13
			},
			"model": "animated_java:item/commander/left_arm"
		},
		{
			"predicate": {
				"custom_model_data": 14
			},
			"model": "animated_java:item/commander/right_arm"
		},
		{
			"predicate": {
				"custom_model_data": 15
			},
			"model": "animated_java:item/commander/left_leg"
		},
		{
			"predicate": {
				"custom_model_data": 16
			},
			"model": "animated_java:item/commander/right_leg"
		},
		{
			"predicate": {
				"custom_model_data": 17
			},
			"model": "animated_java:item/commander/body"
		}
	],
	"animated_java": {
		"rigs": {
			"crafter_soul": {
				"used_ids": [
					2,
					3,
					4,
					5,
					6,
					7,
					8,
					9,
					10,
					11
				]
			},
			"commander": {
				"used_ids": [
					12,
					13,
					14,
					15,
					16,
					17
				]
			}
		}
	}
}